Workbook

Sheet 磁場(B)
A1: d(cm) | B1: 磁場(B)大小 (單位: T，特斯拉(tesla) ; 1 T = 10^4 gauss 高斯)
B2: 第1次 | C2: 第2次 | D2: 第3次 | E2: 第4次 | F2: 第5次 | G2: 平均值
A3: 0.5 | B3: 0.216 | C3: 0.22 | D3: 0.218 | E3: 0.219 | F3: 0.22 | G3: =AVERAGE(B3:F3) -> 0.2186
A4: 1 | B4: 0.17 | C4: 0.17 | D4: 0.16559 | E4: 0.16569 | F4: 0.16507 | G4: =AVERAGE(B4:F4) -> 0.16727
A5: 1.5 | B5: 0.147 | C5: 0.146 | D5: 0.146 | E5: 0.146 | F5: 0.147 | G5: =AVERAGE(B5:F5) -> 0.1464
A6: 2 | B6: 0.121 | C6: 0.121 | D6: 0.121 | E6: 0.121 | F6: 0.12 | G6: =AVERAGE(B6:F6) -> 0.1208
A7: 2.5 | B7: 0.109 | C7: 0.108 | D7: 0.108 | E7: 0.108 | F7: 0.108 | G7: =AVERAGE(B7:F7) -> 0.1082

Sheet 紅色型
A1: d(cm) | B1: 測量值 | C1: 第1次 | D1: 第2次 | E1: 第3次 | F1: 第4次 | G1: 第5次 | H1: 平均值
A2: 0.5 | B2: I(mA) | C2: 27 | D2: 28 | E2: 27 | F2: 27 | G2: 28 | H2: =AVERAGE(C2:G2) -> 27.4
B3: V(mV) | C3: -58.2 | D3: -58.3 | E3: -58.4 | F3: -58.5 | G3: -58.5 | H3: =AVERAGE(C3:G3) -> -58.38
A4: 1 | B4: I(mA) | C4: 27 | D4: 27 | E4: 27 | F4: 27 | G4: 28 | H4: =AVERAGE(C4:G4) -> 27.2
B5: V(mV) | C5: -47.7 | D5: -47.6 | E5: -47.6 | F5: -47.6 | G5: -47.6 | H5: =AVERAGE(C5:G5) -> -47.62
A6: 1.5 | B6: I(mA) | C6: 27 | D6: 27 | E6: 28 | F6: 27 | G6: 28 | H6: =AVERAGE(C6:G6) -> 27.4
B7: V(mV) | C7: -41.1 | D7: -41.1 | E7: -41.1 | F7: -41.1 | G7: -41.2 | H7: =AVERAGE(C7:G7) -> -41.12
A8: 2 | B8: I(mA) | C8: 28 | D8: 27 | E8: 28 | F8: 28 | G8: 27 | H8: =AVERAGE(C8:G8) -> 27.6
B9: V(mV) | C9: -36.9 | D9: -36.9 | E9: -37 | F9: -36.9 | G9: -36.9 | H9: =AVERAGE(C9:G9) -> -36.92
A10: 2.5 | B10: I(mA) | C10: 28 | D10: 27 | E10: 28 | F10: 27 | G10: 27 | H10: =AVERAGE(C10:G10) -> 27.4
B11: V(mV) | C11: -33.5 | D11: -33.6 | E11: -33.6 | F11: -33.7 | G11: -33.5 | H11: =AVERAGE(C11:G11) -> -33.58

Sheet 黑色型
A1: d(cm) | B1: 測量值 | C1: 第1次 | D1: 第2次 | E1: 第3次 | F1: 第4次 | G1: 第5次 | H1: 平均值
A2: 0.5 | B2: I(mA) | C2: 32 | D2: 32 | E2: 31 | F2: 31 | G2: 31 | H2: =AVERAGE(C2:G2) -> 31.4
B3: V(mV) | C3: 79.6 | D3: 79.6 | E3: 79.6 | F3: 79.6 | G3: 79.6 | H3: =AVERAGE(C3:G3) -> 79.6
A4: 1 | B4: I(mA) | C4: 32 | D4: 32 | E4: 32 | F4: 32 | G4: 32 | H4: =AVERAGE(C4:G4) -> 32
B5: V(mV) | C5: 63.8 | D5: 63.8 | E5: 63.8 | F5: 63.8 | G5: 63.8 | H5: =AVERAGE(C5:G5) -> 63.8
A6: 1.5 | B6: I(mA) | C6: 32 | D6: 31 | E6: 31 | F6: 32 | G6: 32 | H6: =AVERAGE(C6:G6) -> 31.6
B7: V(mV) | C7: 53.7 | D7: 53.77 | E7: 53.77 | F7: 53.77 | G7: 53.78 | H7: =AVERAGE(C7:G7) -> 53.758
A8: 2 | B8: I(mA) | C8: 32 | D8: 32 | E8: 32 | F8: 32 | G8: 31 | H8: =AVERAGE(C8:G8) -> 31.8
B9: V(mV) | C9: 47.33 | D9: 47.34 | E9: 47.36 | F9: 47.37 | G9: 47.37 | H9: =AVERAGE(C9:G9) -> 47.354
A10: 2.5 | B10: I(mA) | C10: 32 | D10: 32 | E10: 32 | F10: 32 | G10: 31 | H10: =AVERAGE(C10:G10) -> 31.8
B11: V(mV) | C11: 42.91 | D11: 42.94 | E11: 42.95 | F11: 42.96 | G11: 42.98 | H11: =AVERAGE(C11:G11) -> 42.948

Sheet 載體濃度
A1: 晶片類型 | B1: d(cm) | C1: B(T) | D1: I(mA) | E1: V(mV) | F1: 載體濃度n(m-3)
A2: 紅色型 | B2: 0.5 | C2: ='磁場(B)'!G3 -> 0.2186 | D2: =紅色型!H2 -> 27.4 | E2: =紅色型!H3 -> -58.38 | F2: =ABS(C2*D2/((1.6*10^-19)*E2*0.001)) -> 6.4123416e+20
B3: 1 | C3: ='磁場(B)'!G4 -> 0.16727 | D3: =紅色型!H4 -> 27.2 | E3: =紅色型!H5 -> -47.62 | F3: =ABS(C3*D3/((1.6*10^-19)*E3*0.001)) -> 5.9714196e+20
B4: 1.5 | C4: ='磁場(B)'!G5 -> 0.1464 | D4: =紅色型!H6 -> 27.4 | E4: =紅色型!H7 -> -41.12 | F4: =ABS(C4*D4/((1.6*10^-19)*E4*0.001)) -> 6.0970331e+20
B5: 2 | C5: ='磁場(B)'!G6 -> 0.1208 | D5: =紅色型!H6 -> 27.4 | E5: =紅色型!H9 -> -36.92 | F5: =ABS(C5*D5/((1.6*10^-19)*E5*0.001)) -> 5.6031961e+20
B6: 2.5 | C6: ='磁場(B)'!G7 -> 0.1082 | D6: =紅色型!H10 -> 27.4 | E6: =紅色型!H11 -> -33.58 | F6: =ABS(C6*D6/((1.6*10^-19)*E6*0.001)) -> 5.5179422e+20
A7: 黑色型 | B7: 0.5 | C7: ='磁場(B)'!G3 -> 0.2186 | D7: =黑色型!H2 -> 31.4 | E7: =黑色型!H3 -> 79.6 | F7: =ABS(C7*D7/((1.6*10^-19)*E7*0.001)) -> 5.3894786e+20
B8: 1 | C8: ='磁場(B)'!G4 -> 0.16727 | D8: =黑色型!H4 -> 32 | E8: =黑色型!H5 -> 63.8 | F8: =ABS(C8*D8/((1.6*10^-19)*E8*0.001)) -> 5.2435737e+20
B9: 1.5 | C9: ='磁場(B)'!G5 -> 0.1464 | D9: =黑色型!H6 -> 31.6 | E9: =黑色型!H7 -> 53.758 | F9: =ABS(C9*D9/((1.6*10^-19)*E9*0.001)) -> 5.3785483e+20
B10: 2 | C10: ='磁場(B)'!G6 -> 0.1208 | D10: =黑色型!H8 -> 31.8 | E10: =黑色型!H9 -> 47.354 | F10: =ABS(C10*D10/((1.6*10^-19)*E10*0.001)) -> 5.0701102e+20
B11: 2.5 | C11: ='磁場(B)'!G7 -> 0.1082 | D11: =黑色型!H10 -> 31.8 | E11: =黑色型!H11 -> 42.948 | F11: =ABS(C11*D11/((1.6*10^-19)*E11*0.001)) -> 5.0071598e+20
